<?xml version="1.0" encoding="utf-8"?>
<GraphicalInterface>
  <P Name="NumRootInports">0</P>
  <P Name="NumRootOutports">3</P>
  <Outport Name="S">
    <P Name="BusObject"></P>
    <P Name="BusOutputAsStruct">off</P>
    <P Name="SignalName">Bacterias sensibles</P>
    <P Name="UnitExpr">inherit</P>
  </Outport>
  <Outport Name="R">
    <P Name="BusObject"></P>
    <P Name="BusOutputAsStruct">off</P>
    <P Name="SignalName">Bacterias resistentes</P>
    <P Name="UnitExpr">inherit</P>
  </Outport>
  <Outport Name="C ">
    <P Name="BusObject"></P>
    <P Name="BusOutputAsStruct">off</P>
    <P Name="SignalName">Concentración antibiótico</P>
    <P Name="UnitExpr">inherit</P>
  </Outport>
  <P Name="ParameterArgumentNames"></P>
  <P Name="NumModelReferences">0</P>
  <P Name="NumTestPointedSignals">0</P>
  <P Name="NumProvidedFunctions">0</P>
  <P Name="NumRequiredFunctions">0</P>
  <P Name="NumResetEvents">0</P>
  <P Name="HasInitializeEvent">0</P>
  <P Name="HasTerminateEvent">0</P>
  <P Name="IsExportFunctionModel">0</P>
  <P Name="NumParameterArguments">0</P>
  <P Name="OrderedModelArguments">1</P>
</GraphicalInterface>
